estacao,data,chuva_mm
E01,2024-01-01,30.5
E01,2024-01-02,0.0
E01,2024-01-03,1.9
E01,2024-01-04,0.3
E01,2024-01-05,3.2
E01,2024-01-06,3.2
E01,2024-01-07,10.4
E01,2024-01-08,10.1
E01,2024-01-09,0.0
E01,2024-01-10,11.5
E01,2024-01-11,0.0
E01,2024-01-12,0.0
E01,2024-01-13,0.0
E01,2024-01-14,0.0
E01,2024-01-15,5.5
E01,2024-01-16,5.3
E01,2024-01-17,6.6
E01,2024-01-18,19.9
E01,2024-01-19,0.0
E01,2024-01-20,0.0
E01,2024-01-21,0.0
E01,2024-01-22,0.0
E01,2024-01-23,4.8
E01,2024-01-24,0.0
E01,2024-01-25,0.0
E01,2024-01-26,0.0
E01,2024-01-27,0.0
E01,2024-01-28,0.0
E01,2024-01-29,0.0
E01,2024-01-30,0.7
E01,2024-01-31,12.7
E01,2024-02-01,87.4
E01,2024-02-02,27.0
E01,2024-02-03,13.7
E01,2024-02-04,49.8
E01,2024-02-05,0.0
E01,2024-02-06,0.0
E01,2024-02-07,8.3
E01,2024-02-08,0.0
E01,2024-02-09,0.0
E01,2024-02-10,1.8
E01,2024-02-11,9.7
E01,2024-02-12,0.0
E01,2024-02-13,0.2
E01,2024-02-14,1.2
E01,2024-02-15,18.1
E01,2024-02-16,4.3
E01,2024-02-17,77.5
E01,2024-02-18,0.0
E01,2024-02-19,0.0
E01,2024-02-20,50.1
E01,2024-02-21,0.0
E01,2024-02-22,0.0
E01,2024-02-23,0.0
E01,2024-02-24,0.0
E01,2024-02-25,8.2
E01,2024-02-26,0.0
E01,2024-02-27,0.0
E01,2024-02-28,0.0
E01,2024-02-29,0.0
E01,2024-03-01,0.0
E01,2024-03-02,0.0
E01,2024-03-03,18.5
E01,2024-03-04,0.0
E01,2024-03-05,0.0
E01,2024-03-06,0.0
E01,2024-03-07,0.0
E01,2024-03-08,0.0
E01,2024-03-09,24.5
E01,2024-03-10,-999.0
E01,2024-03-11,-999.0
E01,2024-03-12,-999.0
E01,2024-03-13,-999.0
E01,2024-03-14,-999.0
E01,2024-03-15,4.8
E01,2024-03-16,0.0
E01,2024-03-17,0.0
E01,2024-03-18,0.0
E01,2024-03-19,2.5
E01,2024-03-20,0.0
E01,2024-03-21,7.3
E01,2024-03-22,0.0
E01,2024-03-23,0.0
E01,2024-03-24,0.0
E01,2024-03-25,0.0
E01,2024-03-26,4.2
E01,2024-03-27,0.0
E01,2024-03-28,0.0
E01,2024-03-29,0.0
E01,2024-03-30,0.0
E01,2024-03-31,2.9
E01,2024-04-01,0.0
E01,2024-04-02,0.0
E01,2024-04-03,0.0
E01,2024-04-04,0.0
E01,2024-04-05,0.0
E01,2024-04-06,6.3
E01,2024-04-07,0.0
E01,2024-04-08,0.7
E01,2024-04-09,0.0
E01,2024-04-10,0.0
E01,2024-04-11,0.0
E01,2024-04-12,0.0
E01,2024-04-13,0.0
E01,2024-04-14,0.0
E01,2024-04-15,0.0
E01,2024-04-16,5.9
E01,2024-04-17,0.0
E01,2024-04-18,0.0
E01,2024-04-19,16.9
E01,2024-04-20,0.0
E01,2024-04-21,0.0
E01,2024-04-22,0.0
E01,2024-04-23,10.7
E01,2024-04-24,6.1
E01,2024-04-25,0.0
E01,2024-04-26,0.0
E01,2024-04-27,0.0
E01,2024-04-28,0.0
E01,2024-04-29,0.6
E01,2024-04-30,22.1
E01,2024-05-01,0.0
E01,2024-05-02,0.0
E01,2024-05-03,0.0
E01,2024-05-04,0.0
E01,2024-05-05,0.0
E01,2024-05-06,0.0
E01,2024-05-07,0.0
E01,2024-05-08,0.0
E01,2024-05-09,0.0
E01,2024-05-10,0.0
E01,2024-05-11,0.0
E01,2024-05-12,0.0
E01,2024-05-13,0.0
E01,2024-05-14,3.1
E01,2024-05-15,0.2
E01,2024-05-16,0.0
E01,2024-05-17,0.0
E01,2024-05-18,0.3
E01,2024-05-19,0.0
E01,2024-05-20,5.3
E01,2024-05-21,0.0
E01,2024-05-22,0.0
E01,2024-05-23,0.0
E01,2024-05-24,0.0
E01,2024-05-25,0.0
E01,2024-05-26,0.0
E01,2024-05-27,0.5
E01,2024-05-28,0.0
E01,2024-05-29,5.5
E01,2024-05-30,0.0
E01,2024-05-31,0.0
E01,2024-06-01,0.0
E01,2024-06-01,0.0
E01,2024-06-02,0.0
E01,2024-06-03,2.0
E01,2024-06-04,1.9
E01,2024-06-05,0.0
E01,2024-06-06,0.0
E01,2024-06-07,0.0
E01,2024-06-08,0.0
E01,2024-06-09,0.0
E01,2024-06-10,10.1
E01,2024-06-11,0.0
E01,2024-06-12,0.0
E01,2024-06-13,0.0
E01,2024-06-14,10.3
E01,2024-06-15,4.4
E01,2024-06-16,0.0
E01,2024-06-17,0.0
E01,2024-06-18,0.0
E01,2024-06-19,0.2
E01,2024-06-20,0.0
E01,2024-06-21,0.0
E01,2024-06-22,0.0
E01,2024-06-23,0.0
E01,2024-06-24,0.0
E01,2024-06-25,0.0
E01,2024-06-26,0.0
E01,2024-06-27,4.6
E01,2024-06-28,0.0
E01,2024-06-29,0.0
E01,2024-06-30,0.0
E01,2024-07-01,0.0
E01,2024-07-02,0.0
E01,2024-07-03,0.0
E01,2024-07-04,0.0
E01,2024-07-05,0.0
E01,2024-07-06,0.0
E01,2024-07-07,0.0
E01,2024-07-08,0.0
E01,2024-07-09,0.0
E01,2024-07-10,2.7
E01,2024-07-11,0.0
E01,2024-07-12,0.0
E01,2024-07-13,0.0
E01,2024-07-14,0.0
E01,2024-07-15,0.0
E01,2024-07-16,0.0
E01,2024-07-17,0.0
E01,2024-07-18,2.1
E01,2024-07-19,0.0
E01,2024-07-20,0.0
E01,2024-07-21,0.0
E01,2024-07-22,0.0
E01,2024-07-23,0.0
E01,2024-07-24,0.0
E01,2024-07-25,0.0
E01,2024-07-26,0.0
E01,2024-07-27,0.0
E01,2024-07-28,0.0
E01,2024-07-29,2.3
E01,2024-07-30,1.4
E01,2024-07-31,13.8
E01,2024-08-01,0.0
E01,2024-08-02,0.0
E01,2024-08-03,0.0
E01,2024-08-04,0.0
E01,2024-08-05,0.0
E01,2024-08-06,0.0
E01,2024-08-07,0.0
E01,2024-08-08,5.1
E01,2024-08-09,0.0
E01,2024-08-10,2.5
E01,2024-08-11,0.0
E01,2024-08-12,0.0
E01,2024-08-13,0.0
E01,2024-08-14,0.0
E01,2024-08-15,7.8
E01,2024-08-16,0.0
E01,2024-08-17,0.0
E01,2024-08-18,0.0
E01,2024-08-19,10.6
E01,2024-08-20,0.0
E01,2024-08-21,1.7
E01,2024-08-22,0.0
E01,2024-08-23,1.1
E01,2024-08-24,0.0
E01,2024-08-25,0.0
E01,2024-08-26,0.0
E01,2024-08-27,0.0
E01,2024-08-28,11.8
E01,2024-08-29,0.0
E01,2024-08-30,0.0
E01,2024-08-31,0.0
E01,2024-09-01,0.0
E01,2024-09-02,0.0
E01,2024-09-03,0.0
E01,2024-09-04,0.0
E01,2024-09-05,0.0
E01,2024-09-06,0.0
E01,2024-09-07,0.0
E01,2024-09-08,0.0
E01,2024-09-09,0.0
E01,2024-09-10,0.0
E01,2024-09-11,0.0
E01,2024-09-12,0.0
E01,2024-09-13,1.3
E01,2024-09-14,0.0
E01,2024-09-15,11.4
E01,2024-09-16,0.0
E01,2024-09-17,13.9
E01,2024-09-18,0.0
E01,2024-09-19,1.0
E01,2024-09-20,0.0
E01,2024-09-21,0.0
E01,2024-09-22,0.0
E01,2024-09-23,0.0
E01,2024-09-24,0.0
E01,2024-09-25,0.0
E01,2024-09-26,0.0
E01,2024-09-27,0.0
E01,2024-09-28,0.0
E01,2024-09-29,5.2
E01,2024-09-30,0.0
E01,2024-10-01,17.1
E01,2024-10-02,0.0
E01,2024-10-03,0.0
E01,2024-10-04,0.0
E01,2024-10-05,0.8
E01,2024-10-06,0.0
E01,2024-10-07,4.8
E01,2024-10-08,0.0
E01,2024-10-09,0.0
E01,2024-10-10,0.0
E01,2024-10-11,0.0
E01,2024-10-12,0.0
E01,2024-10-13,3.9
E01,2024-10-14,6.2
E01,2024-10-15,0.0
E01,2024-10-16,3.5
E01,2024-10-17,4.1
E01,2024-10-18,0.0
E01,2024-10-19,0.0
E01,2024-10-20,0.0
E01,2024-10-21,0.0
E01,2024-10-22,0.0
E01,2024-10-23,0.0
E01,2024-10-24,24.4
E01,2024-10-25,30.6
E01,2024-10-26,1.1
E01,2024-10-27,1.5
E01,2024-10-28,12.6
E01,2024-10-29,0.0
E01,2024-10-30,0.0
E01,2024-10-31,0.0
E01,2024-11-01,0.0
E01,2024-11-02,0.0
E01,2024-11-03,5.1
E01,2024-11-04,0.0
E01,2024-11-05,0.0
E01,2024-11-06,29.2
E01,2024-11-07,0.0
E01,2024-11-08,5.3
E01,2024-11-09,0.0
E01,2024-11-10,13.7
E01,2024-11-11,0.0
E01,2024-11-12,5.8
E01,2024-11-13,6.9
E01,2024-11-14,0.0
E01,2024-11-15,28.0
E01,2024-11-16,0.0
E01,2024-11-17,0.0
E01,2024-11-18,0.0
E01,2024-11-19,3.7
E01,2024-11-20,8.4
E01,2024-11-21,0.0
E01,2024-11-22,0.0
E01,2024-11-23,2.0
E01,2024-11-24,3.1
E01,2024-11-25,0.0
E01,2024-11-26,50.9
E01,2024-11-27,4.4
E01,2024-11-28,15.5
E01,2024-11-29,0.0
E01,2024-11-30,5.3
E01,2024-12-01,2.9
E01,2024-12-02,50.0
E01,2024-12-03,0.0
E01,2024-12-04,1.4
E01,2024-12-05,0.0
E01,2024-12-06,16.7
E01,2024-12-07,26.7
E01,2024-12-08,37.2
E01,2024-12-09,90.0
E01,2024-12-10,37.1
E01,2024-12-11,2.9
E01,2024-12-12,0.0
E01,2024-12-13,0.0
E01,2024-12-14,0.0
E01,2024-12-15,16.0
E01,2024-12-16,0.0
E01,2024-12-17,0.0
E01,2024-12-18,3.6
E01,2024-12-19,1.5
E01,2024-12-20,5.0
E01,2024-12-21,0.0
E01,2024-12-22,0.0
E01,2024-12-23,4.4
E01,2024-12-24,2.5
E01,2024-12-25,14.7
E01,2024-12-26,0.0
E01,2024-12-27,3.3
E01,2024-12-28,0.0
E01,2024-12-29,19.3
E01,2024-12-30,0.0
E01,2024-12-31,0.5
E01,2025-01-01,13.4
E01,2025-01-02,7.1
E01,2025-01-03,17.1
E01,2025-01-04,0.0
E01,2025-01-05,13.1
E01,2025-01-06,28.6
E01,2025-01-07,24.2
E01,2025-01-08,0.0
E01,2025-01-09,0.0
E01,2025-01-10,30.6
E01,2025-01-11,20.4
E01,2025-01-12,21.1
E01,2025-01-13,0.0
E01,2025-01-14,21.5
E01,2025-01-15,7.7
E01,2025-01-16,0.0
E01,2025-01-17,0.0
E01,2025-01-18,12.4
E01,2025-01-19,0.0
E01,2025-01-20,412.0
E01,2025-01-21,0.4
E01,2025-01-22,0.0
E01,2025-01-23,24.1
E01,2025-01-24,0.0
E01,2025-01-25,0.0
E01,2025-01-26,0.0
E01,2025-01-27,0.0
E01,2025-01-28,0.0
E01,2025-01-29,0.0
E01,2025-01-30,0.2
E01,2025-01-31,0.0
E01,2025-02-01,0.0
E01,2025-02-02,0.0
E01,2025-02-03,5.6
E01,2025-02-04,0.0
E01,2025-02-05,32.1
E01,2025-02-06,0.0
E01,2025-02-07,0.0
E01,2025-02-08,0.0
E01,2025-02-09,0.0
E01,2025-02-11,9.3
E01,2025-02-12,0.0
E01,2025-02-13,21.2
E01,2025-02-14,12.0
E01,2025-02-15,24.5
E01,2025-02-16,0.0
E01,2025-02-17,0.0
E01,2025-02-18,0.0
E01,2025-02-19,0.0
E01,2025-02-20,20.3
E01,2025-02-21,0.0
E01,2025-02-22,0.0
E01,2025-02-23,0.0
E01,2025-02-24,6.6
E01,2025-02-25,0.0
E01,2025-02-26,17.4
E01,2025-02-27,0.0
E01,2025-02-28,0.6
E01,2025-03-01,0.0
E01,2025-03-02,0.0
E01,2025-03-03,0.0
E01,2025-03-04,0.0
E01,2025-03-05,0.0
E01,2025-03-06,0.0
E01,2025-03-07,0.0
E01,2025-03-08,1.6
E01,2025-03-09,0.0
E01,2025-03-10,10.3
E01,2025-03-11,0.0
E01,2025-03-12,1.1
E01,2025-03-13,7.5
E01,2025-03-14,8.2
E01,2025-03-15,0.0
E01,2025-03-16,27.4
E01,2025-03-17,0.0
E01,2025-03-18,7.0
E01,2025-03-19,0.0
E01,2025-03-20,13.8
E01,2025-03-21,21.8
E01,2025-03-22,0.0
E01,2025-03-23,0.0
E01,2025-03-24,0.1
E01,2025-03-25,0.0
E01,2025-03-26,0.0
E01,2025-03-27,14.7
E01,2025-03-28,0.0
E01,2025-03-29,18.5
E01,2025-03-30,0.0
E01,2025-03-31,5.8
E01,2025-04-01,2.9
E01,2025-04-02,0.0
E01,2025-04-03,0.0
E01,2025-04-04,0.0
E01,2025-04-05,12.4
E01,2025-04-06,4.0
E01,2025-04-07,0.0
E01,2025-04-08,0.0
E01,2025-04-09,0.0
E01,2025-04-10,0.0
E01,2025-04-11,0.0
E01,2025-04-12,0.0
E01,2025-04-13,0.0
E01,2025-04-14,0.0
E01,2025-04-15,0.0
E01,2025-04-16,0.0
E01,2025-04-17,0.0
E01,2025-04-18,0.0
E01,2025-04-19,0.0
E01,2025-04-20,0.0
E01,2025-04-21,0.0
E01,2025-04-22,0.0
E01,2025-04-23,0.0
E01,2025-04-24,0.0
E01,2025-04-25,0.0
E01,2025-04-26,0.0
E01,2025-04-27,0.0
E01,2025-04-28,0.7
E01,2025-04-29,0.0
E01,2025-04-30,0.0
E01,2025-05-01,0.0
E01,2025-05-02,0.0
E01,2025-05-03,0.0
E01,2025-05-04,0.0
E01,2025-05-05,1.1
E01,2025-05-06,0.0
E01,2025-05-07,0.0
E01,2025-05-08,0.0
E01,2025-05-09,0.0
E01,2025-05-10,0.0
E01,2025-05-11,11.5
E01,2025-05-12,0.0
E01,2025-05-13,0.0
E01,2025-05-14,0.0
E01,2025-05-15,33.1
E01,2025-05-16,0.0
E01,2025-05-17,0.0
E01,2025-05-18,0.0
E01,2025-05-19,0.0
E01,2025-05-20,0.0
E01,2025-05-21,1.0
E01,2025-05-22,0.0
E01,2025-05-23,0.0
E01,2025-05-24,0.0
E01,2025-05-25,0.0
E01,2025-05-26,0.0
E01,2025-05-27,0.0
E01,2025-05-28,0.0
E01,2025-05-29,0.0
E01,2025-05-30,0.0
E01,2025-05-31,0.0
E01,2025-06-01,5.1
E01,2025-06-02,10.5
E01,2025-06-03,0.0
E01,2025-06-04,0.0
E01,2025-06-05,0.0
E01,2025-06-06,0.4
E01,2025-06-07,0.0
E01,2025-06-08,0.0
E01,2025-06-09,0.0
E01,2025-06-10,3.5
E01,2025-06-11,0.0
E01,2025-06-12,0.0
E01,2025-06-13,0.0
E01,2025-06-14,0.0
E01,2025-06-15,0.1
E01,2025-06-16,0.0
E01,2025-06-17,0.0
E01,2025-06-18,0.0
E01,2025-06-19,0.0
E01,2025-06-20,0.0
E01,2025-06-21,0.0
E01,2025-06-22,0.5
E01,2025-06-23,0.0
E01,2025-06-24,0.0
E01,2025-06-25,0.0
E01,2025-06-26,0.0
E01,2025-06-27,0.0
E01,2025-06-28,0.0
E01,2025-06-29,0.0
E01,2025-06-30,0.0
E01,2025-07-01,1.2
E01,2025-07-02,0.0
E01,2025-07-03,0.0
E01,2025-07-04,0.0
E01,2025-07-05,0.0
E01,2025-07-06,5.1
E01,2025-07-07,0.0
E01,2025-07-08,0.0
E01,2025-07-09,0.0
E01,2025-07-10,0.0
E01,2025-07-11,0.0
E01,2025-07-12,0.0
E01,2025-07-13,4.2
E01,2025-07-14,0.0
E01,2025-07-15,9.1
E01,2025-07-16,0.0
E01,2025-07-17,0.0
E01,2025-07-18,2.9
E01,2025-07-19,0.0
E01,2025-07-20,0.0
E01,2025-07-21,6.0
E01,2025-07-22,2.3
E01,2025-07-23,0.0
E01,2025-07-24,0.0
E01,2025-07-25,4.0
E01,2025-07-26,0.0
E01,2025-07-27,0.0
E01,2025-07-28,4.8
E01,2025-07-29,0.0
E01,2025-07-30,0.0
E01,2025-07-31,0.0
E01,2025-08-01,0.0
E01,2025-08-02,0.0
E01,2025-08-03,0.0
E01,2025-08-04,0.0
E01,2025-08-05,0.0
E01,2025-08-06,5.9
E01,2025-08-07,0.0
E01,2025-08-08,0.0
E01,2025-08-09,0.0
E01,2025-08-10,0.0
E01,2025-08-11,0.0
E01,2025-08-12,0.0
E01,2025-08-13,0.2
E01,2025-08-14,0.0
E01,2025-08-15,0.0
E01,2025-08-16,0.0
E01,2025-08-17,0.0
E01,2025-08-18,0.0
E01,2025-08-19,0.0
E01,2025-08-20,0.0
E01,2025-08-21,0.0
E01,2025-08-22,3.9
E01,2025-08-23,0.0
E01,2025-08-24,0.0
E01,2025-08-25,1.2
E01,2025-08-26,0.0
E01,2025-08-27,0.0
E01,2025-08-28,0.0
E01,2025-08-29,0.0
E01,2025-08-30,6.0
E01,2025-08-31,0.0
E01,2025-09-01,0.9
E01,2025-09-02,2.3
E01,2025-09-03,6.5
E01,2025-09-04,0.0
E01,2025-09-05,0.0
E01,2025-09-06,5.7
E01,2025-09-07,0.0
E01,2025-09-08,0.0
E01,2025-09-09,0.0
E01,2025-09-10,6.3
E01,2025-09-11,0.0
E01,2025-09-12,0.0
E01,2025-09-13,0.0
E01,2025-09-14,0.7
E01,2025-09-15,8.2
E01,2025-09-16,8.2
E01,2025-09-17,0.0
E01,2025-09-18,0.0
E01,2025-09-19,6.4
E01,2025-09-20,5.4
E01,2025-09-21,0.0
E01,2025-09-22,0.0
E01,2025-09-23,0.0
E01,2025-09-24,9.1
E01,2025-09-25,0.0
E01,2025-09-26,0.0
E01,2025-09-27,0.0
E01,2025-09-28,1.2
E01,2025-09-29,0.0
E01,2025-09-30,11.0
E01,2025-10-01,0.0
E01,2025-10-02,0.0
E01,2025-10-03,17.8
E01,2025-10-04,8.7
E01,2025-10-05,0.0
E01,2025-10-06,11.4
E01,2025-10-07,0.0
E01,2025-10-08,28.2
E01,2025-10-09,0.0
E01,2025-10-10,7.6
E01,2025-10-11,6.2
E01,2025-10-12,0.0
E01,2025-10-13,0.0
E01,2025-10-14,0.0
E01,2025-10-15,0.0
E01,2025-10-16,0.0
E01,2025-10-17,0.0
E01,2025-10-18,0.0
E01,2025-10-19,0.0
E01,2025-10-20,2.4
E01,2025-10-21,5.5
E01,2025-10-22,0.0
E01,2025-10-23,0.0
E01,2025-10-24,0.0
E01,2025-10-25,2.4
E01,2025-10-26,18.6
E01,2025-10-27,2.6
E01,2025-10-28,0.0
E01,2025-10-29,0.0
E01,2025-10-30,0.0
E01,2025-10-31,0.0
E01,2025-11-01,3.1
E01,2025-11-02,0.0
E01,2025-11-03,0.0
E01,2025-11-04,11.0
E01,2025-11-05,4.1
E01,2025-11-06,5.9
E01,2025-11-07,2.9
E01,2025-11-08,0.0
E01,2025-11-09,0.0
E01,2025-11-10,7.1
E01,2025-11-11,9.9
E01,2025-11-12,14.3
E01,2025-11-13,1.6
E01,2025-11-14,0.0
E01,2025-11-15,0.0
E01,2025-11-16,22.8
E01,2025-11-17,6.7
E01,2025-11-18,0.0
E01,2025-11-19,0.0
E01,2025-11-20,0.0
E01,2025-11-21,0.0
E01,2025-11-22,1.7
E01,2025-11-23,0.0
E01,2025-11-24,0.0
E01,2025-11-25,0.0
E01,2025-11-26,17.5
E01,2025-11-27,0.0
E01,2025-11-28,0.0
E01,2025-11-29,4.1
E01,2025-11-30,32.8
E01,2025-12-01,14.4
E01,2025-12-02,0.0
E01,2025-12-03,0.0
E01,2025-12-04,9.7
E01,2025-12-05,5.2
E01,2025-12-06,0.0
E01,2025-12-07,0.0
E01,2025-12-08,2.1
E01,2025-12-09,0.0
E01,2025-12-10,0.0
E01,2025-12-11,0.7
E01,2025-12-12,7.1
E01,2025-12-13,8.0
E01,2025-12-14,0.0
E01,2025-12-15,4.1
E01,2025-12-16,0.0
E01,2025-12-17,2.3
E01,2025-12-18,50.9
E01,2025-12-19,0.0
E01,2025-12-20,0.0
E01,2025-12-21,0.0
E01,2025-12-22,0.0
E01,2025-12-23,0.0
E01,2025-12-24,1.2
E01,2025-12-25,0.0
E01,2025-12-26,1.7
E01,2025-12-27,0.7
E01,2025-12-28,0.0
E01,2025-12-29,9.9
E01,2025-12-30,0.0
E01,2025-12-31,0.0
E02,2024-01-01,4.7
E02,2024-01-02,21.5
E02,2024-01-03,0.0
E02,2024-01-04,0.0
E02,2024-01-05,2.3
E02,2024-01-06,0.0
E02,2024-01-07,3.5
E02,2024-01-08,18.7
E02,2024-01-09,0.0
E02,2024-01-10,0.0
E02,2024-01-11,0.0
E02,2024-01-12,7.8
E02,2024-01-13,0.0
E02,2024-01-14,32.9
E02,2024-01-15,6.9
E02,2024-01-16,12.9
E02,2024-01-17,23.7
E02,2024-01-18,4.1
E02,2024-01-19,0.0
E02,2024-01-20,0.0
E02,2024-01-21,0.0
E02,2024-01-22,0.0
E02,2024-01-23,0.0
E02,2024-01-24,0.0
E02,2024-01-25,0.0
E02,2024-01-26,15.8
E02,2024-01-27,0.0
E02,2024-01-28,0.0
E02,2024-01-29,0.0
E02,2024-01-30,15.2
E02,2024-01-31,13.5
E02,2024-02-01,0.0
E02,2024-02-02,32.5
E02,2024-02-03,28.8
E02,2024-02-04,22.2
E02,2024-02-05,0.0
E02,2024-02-06,0.0
E02,2024-02-07,9.3
E02,2024-02-08,19.6
E02,2024-02-09,0.0
E02,2024-02-10,13.4
E02,2024-02-11,0.0
E02,2024-02-12,0.0
E02,2024-02-13,0.0
E02,2024-02-14,14.1
E02,2024-02-15,18.2
E02,2024-02-16,0.0
E02,2024-02-17,12.6
E02,2024-02-18,0.0
E02,2024-02-19,0.0
E02,2024-02-20,4.0
E02,2024-02-21,0.0
E02,2024-02-22,2.6
E02,2024-02-23,0.0
E02,2024-02-24,3.6
E02,2024-02-25,0.0
E02,2024-02-26,0.0
E02,2024-02-27,0.0
E02,2024-02-28,0.0
E02,2024-02-29,0.0
E02,2024-03-01,1.8
E02,2024-03-02,0.4
E02,2024-03-03,7.7
E02,2024-03-04,1.0
E02,2024-03-05,0.0
E02,2024-03-06,1.1
E02,2024-03-07,10.8
E02,2024-03-08,27.4
E02,2024-03-09,0.5
E02,2024-03-10,13.2
E02,2024-03-11,0.0
E02,2024-03-12,0.0
E02,2024-03-13,7.2
E02,2024-03-14,0.0
E02,2024-03-15,14.6
E02,2024-03-16,0.0
E02,2024-03-17,0.0
E02,2024-03-18,36.9
E02,2024-03-19,2.4
E02,2024-03-20,0.0
E02,2024-03-21,0.0
E02,2024-03-22,0.9
E02,2024-03-23,0.0
E02,2024-03-24,0.0
E02,2024-03-25,1.3
E02,2024-03-26,3.0
E02,2024-03-27,0.0
E02,2024-03-28,8.5
E02,2024-03-29,0.0
E02,2024-03-30,0.0
E02,2024-03-31,8.3
E02,2024-04-01,0.0
E02,2024-04-02,9.7
E02,2024-04-03,0.0
E02,2024-04-04,4.6
E02,2024-04-05,0.0
E02,2024-04-06,0.0
E02,2024-04-07,0.0
E02,2024-04-08,0.0
E02,2024-04-09,0.0
E02,2024-04-10,0.0
E02,2024-04-11,0.0
E02,2024-04-12,0.0
E02,2024-04-13,10.9
E02,2024-04-14,0.0
E02,2024-04-15,0.0
E02,2024-04-16,15.1
E02,2024-04-17,0.0
E02,2024-04-18,0.0
E02,2024-04-19,0.0
E02,2024-04-20,0.0
E02,2024-04-21,0.0
E02,2024-04-22,0.0
E02,2024-04-23,3.6
E02,2024-04-24,2.4
E02,2024-04-25,0.0
E02,2024-04-26,0.0
E02,2024-04-27,0.0
E02,2024-04-28,0.0
E02,2024-04-29,0.0
E02,2024-04-30,0.0
E02,2024-05-01,0.0
E02,2024-05-02,0.0
E02,2024-05-03,0.0
E02,2024-05-04,0.0
E02,2024-05-05,0.0
E02,2024-05-06,0.0
E02,2024-05-07,0.0
E02,2024-05-08,0.0
E02,2024-05-09,0.0
E02,2024-05-10,0.0
E02,2024-05-11,0.0
E02,2024-05-12,4.5
E02,2024-05-13,1.1
E02,2024-05-14,0.0
E02,2024-05-15,0.0
E02,2024-05-16,0.0
E02,2024-05-17,0.0
E02,2024-05-18,0.9
E02,2024-05-19,0.0
E02,2024-05-20,0.0
E02,2024-05-21,0.0
E02,2024-05-22,0.0
E02,2024-05-23,0.0
E02,2024-05-24,0.0
E02,2024-05-25,0.0
E02,2024-05-26,0.0
E02,2024-05-27,8.4
E02,2024-05-28,0.0
E02,2024-05-29,0.0
E02,2024-05-30,0.0
E02,2024-05-31,12.0
E02,2024-06-01,0.0
E02,2024-06-02,0.0
E02,2024-06-03,0.0
E02,2024-06-04,0.0
E02,2024-06-05,0.0
E02,2024-06-06,0.0
E02,2024-06-07,0.0
E02,2024-06-08,0.0
E02,2024-06-09,0.0
E02,2024-06-10,3.9
E02,2024-06-11,0.0
E02,2024-06-12,0.0
E02,2024-06-13,0.0
E02,2024-06-14,0.0
E02,2024-06-15,0.0
E02,2024-06-16,0.0
E02,2024-06-17,0.0
E02,2024-06-18,0.0
E02,2024-06-19,16.8
E02,2024-06-20,0.0
E02,2024-06-21,0.0
E02,2024-06-22,0.0
E02,2024-06-23,0.0
E02,2024-06-24,0.0
E02,2024-06-25,0.0
E02,2024-06-26,0.0
E02,2024-06-27,5.6
E02,2024-06-28,0.0
E02,2024-06-29,0.0
E02,2024-06-30,0.0
E02,2024-07-01,0.0
E02,2024-07-02,0.0
E02,2024-07-03,0.0
E02,2024-07-04,0.0
E02,2024-07-05,0.0
E02,2024-07-06,0.0
E02,2024-07-07,0.0
E02,2024-07-08,0.0
E02,2024-07-09,6.1
E02,2024-07-10,0.0
E02,2024-07-11,0.0
E02,2024-07-12,0.0
E02,2024-07-13,0.0
E02,2024-07-14,8.8
E02,2024-07-15,0.0
E02,2024-07-16,0.0
E02,2024-07-17,0.0
E02,2024-07-18,0.0
E02,2024-07-19,0.0
E02,2024-07-20,0.0
E02,2024-07-21,0.0
E02,2024-07-22,0.0
E02,2024-07-23,0.0
E02,2024-07-24,0.0
E02,2024-07-25,0.0
E02,2024-07-26,0.0
E02,2024-07-27,0.0
E02,2024-07-28,0.0
E02,2024-07-29,7.0
E02,2024-07-30,4.3
E02,2024-07-31,4.9
E02,2024-08-01,0.0
E02,2024-08-02,0.0
E02,2024-08-03,0.0
E02,2024-08-04,15.5
E02,2024-08-05,0.0
E02,2024-08-06,0.0
E02,2024-08-07,0.0
E02,2024-08-08,1.5
E02,2024-08-09,1.8
E02,2024-08-10,8.2
E02,2024-08-11,9.3
E02,2024-08-12,2.8
E02,2024-08-13,0.0
E02,2024-08-14,0.0
E02,2024-08-15,0.0
E02,2024-08-16,0.0
E02,2024-08-17,6.4
E02,2024-08-18,0.0
E02,2024-08-19,4.8
E02,2024-08-20,0.0
E02,2024-08-21,8.4
E02,2024-08-22,0.0
E02,2024-08-23,0.0
E02,2024-08-24,0.0
E02,2024-08-25,0.0
E02,2024-08-26,0.0
E02,2024-08-27,0.0
E02,2024-08-28,0.0
E02,2024-08-29,0.0
E02,2024-08-30,0.0
E02,2024-08-31,6.8
E02,2024-09-01,0.0
E02,2024-09-02,0.0
E02,2024-09-03,0.0
E02,2024-09-04,0.0
E02,2024-09-05,0.0
E02,2024-09-06,0.0
E02,2024-09-07,0.0
E02,2024-09-08,0.0
E02,2024-09-09,0.0
E02,2024-09-10,0.0
E02,2024-09-11,0.0
E02,2024-09-12,0.0
E02,2024-09-13,12.0
E02,2024-09-14,11.8
E02,2024-09-15,0.0
E02,2024-09-16,2.5
E02,2024-09-17,10.2
E02,2024-09-18,0.0
E02,2024-09-19,2.4
E02,2024-09-20,0.0
E02,2024-09-21,0.0
E02,2024-09-22,0.0
E02,2024-09-23,0.0
E02,2024-09-24,0.0
E02,2024-09-25,0.0
E02,2024-09-26,0.0
E02,2024-09-27,0.0
E02,2024-09-28,0.0
E02,2024-09-29,8.4
E02,2024-09-30,0.0
E02,2024-10-01,1.2
E02,2024-10-02,0.0
E02,2024-10-03,0.0
E02,2024-10-04,5.1
E02,2024-10-05,16.6
E02,2024-10-06,0.0
E02,2024-10-07,0.0
E02,2024-10-08,0.0
E02,2024-10-09,6.7
E02,2024-10-10,0.0
E02,2024-10-11,20.2
E02,2024-10-11,0.0
E02,2024-10-12,0.0
E02,2024-10-13,3.8
E02,2024-10-14,2.3
E02,2024-10-15,0.0
E02,2024-10-16,20.0
E02,2024-10-17,0.2
E02,2024-10-18,0.0
E02,2024-10-19,0.0
E02,2024-10-20,0.0
E02,2024-10-21,0.0
E02,2024-10-22,0.0
E02,2024-10-23,0.0
E02,2024-10-24,0.0
E02,2024-10-25,8.0
E02,2024-10-26,0.0
E02,2024-10-27,0.0
E02,2024-10-28,15.2
E02,2024-10-29,0.0
E02,2024-10-30,0.0
E02,2024-10-31,0.0
E02,2024-11-01,0.0
E02,2024-11-02,0.0
E02,2024-11-03,0.2
E02,2024-11-04,0.0
E02,2024-11-05,0.0
E02,2024-11-06,0.0
E02,2024-11-07,22.7
E02,2024-11-08,9.6
E02,2024-11-09,0.0
E02,2024-11-10,0.0
E02,2024-11-11,7.8
E02,2024-11-12,3.5
E02,2024-11-13,0.0
E02,2024-11-14,5.7
E02,2024-11-15,24.7
E02,2024-11-16,0.0
E02,2024-11-17,0.0
E02,2024-11-18,0.0
E02,2024-11-19,13.9
E02,2024-11-20,13.4
E02,2024-11-21,6.2
E02,2024-11-22,0.0
E02,2024-11-23,16.9
E02,2024-11-24,15.8
E02,2024-11-25,2.1
E02,2024-11-26,8.7
E02,2024-11-27,5.0
E02,2024-11-28,2.0
E02,2024-11-29,12.7
E02,2024-11-30,3.0
E02,2024-12-01,0.0
E02,2024-12-02,0.0
E02,2024-12-03,0.0
E02,2024-12-04,0.0
E02,2024-12-05,"10,0"
E02,2024-12-06,"39,7"
E02,2024-12-07,0.6
E02,2024-12-08,13.5
E02,2024-12-09,2.9
E02,2024-12-10,1.9
E02,2024-12-11,28.5
E02,2024-12-12,3.3
E02,2024-12-13,0.0
E02,2024-12-14,0.0
E02,2024-12-15,0.0
E02,2024-12-16,0.0
E02,2024-12-17,5.8
E02,2024-12-18,0.0
E02,2024-12-19,4.8
E02,2024-12-20,56.2
E02,2024-12-21,9.7
E02,2024-12-22,0.0
E02,2024-12-23,0.0
E02,2024-12-24,48.2
E02,2024-12-25,21.1
E02,2024-12-26,0.0
E02,2024-12-27,3.3
E02,2024-12-28,0.0
E02,2024-12-29,52.3
E02,2024-12-30,0.0
E02,2024-12-31,0.0
E02,2025-01-01,4.7
E02,2025-01-02,37.8
E02,2025-01-03,4.4
E02,2025-01-04,0.0
E02,2025-01-05,0.0
E02,2025-01-06,0.0
E02,2025-01-07,6.9
E02,2025-01-08,0.0
E02,2025-01-09,0.0
E02,2025-01-10,0.0
E02,2025-01-11,0.0
E02,2025-01-12,0.0
E02,2025-01-13,0.0
E02,2025-01-14,21.6
E02,2025-01-15,9.5
E02,2025-01-16,0.0
E02,2025-01-17,0.0
E02,2025-01-18,0.0
E02,2025-01-19,0.0
E02,2025-01-20,0.0
E02,2025-01-21,53.0
E02,2025-01-22,0.0
E02,2025-01-23,9.9
E02,2025-01-24,15.9
E02,2025-01-25,10.6
E02,2025-01-26,0.0
E02,2025-01-27,0.0
E02,2025-01-28,0.0
E02,2025-01-29,4.6
E02,2025-01-30,7.7
E02,2025-01-31,14.5
E02,2025-02-01,0.0
E02,2025-02-02,0.0
E02,2025-02-03,0.0
E02,2025-02-04,0.0
E02,2025-02-05,12.0
E02,2025-02-06,0.0
E02,2025-02-07,0.0
E02,2025-02-08,0.0
E02,2025-02-09,0.0
E02,2025-02-10,6.8
E02,2025-02-11,3.0
E02,2025-02-12,3.9
E02,2025-02-13,9.7
E02,2025-02-14,2.1
E02,2025-02-15,0.0
E02,2025-02-16,0.0
E02,2025-02-17,0.0
E02,2025-02-18,0.0
E02,2025-02-19,50.5
E02,2025-02-20,9.5
E02,2025-02-21,0.0
E02,2025-02-22,0.0
E02,2025-02-23,0.0
E02,2025-02-24,30.6
E02,2025-02-25,0.0
E02,2025-02-26,0.0
E02,2025-02-27,0.0
E02,2025-02-28,0.0
E02,2025-03-01,0.0
E02,2025-03-02,0.0
E02,2025-03-03,0.0
E02,2025-03-04,0.0
E02,2025-03-05,0.0
E02,2025-03-06,1.7
E02,2025-03-07,0.0
E02,2025-03-08,13.2
E02,2025-03-09,25.0
E02,2025-03-10,3.7
E02,2025-03-11,0.0
E02,2025-03-12,53.4
E02,2025-03-13,13.5
E02,2025-03-14,17.3
E02,2025-03-15,0.0
E02,2025-03-16,2.7
E02,2025-03-17,0.0
E02,2025-03-18,8.7
E02,2025-03-19,0.0
E02,2025-03-20,6.7
E02,2025-03-21,35.1
E02,2025-03-22,4.0
E02,2025-03-23,0.0
E02,2025-03-24,10.3
E02,2025-03-25,0.0
E02,2025-03-26,0.0
E02,2025-03-27,0.0
E02,2025-03-28,0.0
E02,2025-03-29,17.5
E02,2025-03-30,0.0
E02,2025-03-31,0.0
E02,2025-04-01,3.2
E02,2025-04-02,0.0
E02,2025-04-03,0.0
E02,2025-04-04,0.0
E02,2025-04-05,23.4
E02,2025-04-06,11.1
E02,2025-04-07,0.0
E02,2025-04-08,0.0
E02,2025-04-09,0.0
E02,2025-04-10,0.0
E02,2025-04-11,0.0
E02,2025-04-12,2.6
E02,2025-04-13,0.0
E02,2025-04-14,0.0
E02,2025-04-15,0.0
E02,2025-04-16,0.0
E02,2025-04-17,0.0
E02,2025-04-18,21.1
E02,2025-04-19,0.0
E02,2025-04-20,0.0
E02,2025-04-21,0.0
E02,2025-04-22,0.0
E02,2025-04-23,0.0
E02,2025-04-24,0.0
E02,2025-04-25,0.0
E02,2025-04-26,0.0
E02,2025-04-27,0.0
E02,2025-04-28,0.0
E02,2025-04-29,0.0
E02,2025-04-30,0.0
E02,2025-05-01,0.0
E02,2025-05-02,13.4
E02,2025-05-03,0.0
E02,2025-05-04,0.0
E02,2025-05-05,0.4
E02,2025-05-06,1.5
E02,2025-05-07,0.0
E02,2025-05-08,0.0
E02,2025-05-09,0.0
E02,2025-05-10,0.0
E02,2025-05-11,0.0
E02,2025-05-12,0.0
E02,2025-05-13,22.9
E02,2025-05-14,0.0
E02,2025-05-15,0.0
E02,2025-05-16,0.0
E02,2025-05-17,0.0
E02,2025-05-18,0.0
E02,2025-05-19,0.0
E02,2025-05-20,0.0
E02,2025-05-21,0.0
E02,2025-05-22,0.0
E02,2025-05-23,0.0
E02,2025-05-24,0.0
E02,2025-05-25,0.0
E02,2025-05-26,0.0
E02,2025-05-27,0.0
E02,2025-05-28,0.0
E02,2025-05-29,0.0
E02,2025-05-30,0.0
E02,2025-05-31,0.0
E02,2025-06-01,0.0
E02,2025-06-02,4.4
E02,2025-06-03,0.0
E02,2025-06-04,0.0
E02,2025-06-05,11.9
E02,2025-06-06,27.2
E02,2025-06-07,0.0
E02,2025-06-08,1.1
E02,2025-06-09,0.0
E02,2025-06-10,1.4
E02,2025-06-11,0.0
E02,2025-06-12,0.0
E02,2025-06-13,0.0
E02,2025-06-14,0.0
E02,2025-06-15,8.0
E02,2025-06-16,0.0
E02,2025-06-17,0.0
E02,2025-06-18,0.0
E02,2025-06-19,0.0
E02,2025-06-20,7.2
E02,2025-06-21,0.0
E02,2025-06-22,1.7
E02,2025-06-23,0.0
E02,2025-06-24,0.0
E02,2025-06-25,0.0
E02,2025-06-26,0.0
E02,2025-06-27,0.0
E02,2025-06-28,0.0
E02,2025-06-29,0.0
E02,2025-06-30,0.0
E02,2025-07-01,-999
E02,2025-07-02,2.3
E02,2025-07-03,0.0
E02,2025-07-04,0.0
E02,2025-07-05,0.0
E02,2025-07-06,0.0
E02,2025-07-07,0.0
E02,2025-07-08,0.0
E02,2025-07-09,0.0
E02,2025-07-10,0.0
E02,2025-07-11,0.0
E02,2025-07-12,0.0
E02,2025-07-13,1.1
E02,2025-07-14,0.0
E02,2025-07-15,1.4
E02,2025-07-16,0.0
E02,2025-07-17,0.0
E02,2025-07-18,0.7
E02,2025-07-19,0.0
E02,2025-07-20,0.0
E02,2025-07-21,0.0
E02,2025-07-22,3.5
E02,2025-07-23,1.1
E02,2025-07-24,0.0
E02,2025-07-25,1.2
E02,2025-07-26,0.0
E02,2025-07-27,0.0
E02,2025-07-28,0.0
E02,2025-07-29,0.0
E02,2025-07-30,0.0
E02,2025-07-31,0.0
E02,2025-08-01,0.0
E02,2025-08-02,0.0
E02,2025-08-03,0.0
E02,2025-08-04,0.0
E02,2025-08-05,0.0
E02,2025-08-06,11.5
E02,2025-08-07,0.0
E02,2025-08-08,0.0
E02,2025-08-09,6.3
E02,2025-08-10,9.1
E02,2025-08-11,0.0
E02,2025-08-12,0.0
E02,2025-08-13,0.0
E02,2025-08-14,0.0
E02,2025-08-15,0.0
E02,2025-08-16,0.0
E02,2025-08-17,0.0
E02,2025-08-18,7.9
E02,2025-08-19,0.0
E02,2025-08-20,0.0
E02,2025-08-21,0.0
E02,2025-08-22,13.1
E02,2025-08-23,2.6
E02,2025-08-24,0.0
E02,2025-08-25,6.3
E02,2025-08-26,0.0
E02,2025-08-27,0.0
E02,2025-08-28,0.0
E02,2025-08-29,5.5
E02,2025-08-30,0.7
E02,2025-08-31,0.0
E02,2025-09-01,2.6
E02,2025-09-02,4.3
E02,2025-09-03,0.0
E02,2025-09-04,0.0
E02,2025-09-05,0.0
E02,2025-09-06,5.0
E02,2025-09-07,0.0
E02,2025-09-08,0.0
E02,2025-09-09,0.0
E02,2025-09-10,1.1
E02,2025-09-11,0.0
E02,2025-09-12,0.0
E02,2025-09-13,0.0
E02,2025-09-14,0.7
E02,2025-09-15,1.2
E02,2025-09-16,0.0
E02,2025-09-17,0.0
E02,2025-09-18,0.0
E02,2025-09-19,17.4
E02,2025-09-20,3.4
E02,2025-09-21,12.5
E02,2025-09-22,0.0
E02,2025-09-23,0.0
E02,2025-09-24,0.0
E02,2025-09-25,16.6
E02,2025-09-26,0.0
E02,2025-09-27,6.0
E02,2025-09-28,0.0
E02,2025-09-29,0.0
E02,2025-09-30,10.7
E02,2025-10-01,0.0
E02,2025-10-02,0.0
E02,2025-10-03,10.4
E02,2025-10-04,3.3
E02,2025-10-05,0.0
E02,2025-10-06,0.0
E02,2025-10-07,0.0
E02,2025-10-08,3.7
E02,2025-10-09,0.0
E02,2025-10-10,3.4
E02,2025-10-11,11.7
E02,2025-10-12,20.9
E02,2025-10-13,0.0
E02,2025-10-14,0.0
E02,2025-10-15,0.0
E02,2025-10-16,0.0
E02,2025-10-17,0.0
E02,2025-10-18,0.0
E02,2025-10-19,5.4
E02,2025-10-20,0.7
E02,2025-10-21,5.5
E02,2025-10-22,0.0
E02,2025-10-23,0.0
E02,2025-10-24,10.1
E02,2025-10-25,25.5
E02,2025-10-26,0.0
E02,2025-10-27,0.0
E02,2025-10-28,16.0
E02,2025-10-29,0.0
E02,2025-10-30,18.4
E02,2025-10-31,0.0
E02,2025-11-01,24.8
E02,2025-11-02,0.0
E02,2025-11-03,0.0
E02,2025-11-04,3.7
E02,2025-11-05,0.0
E02,2025-11-06,4.9
E02,2025-11-07,36.3
E02,2025-11-08,0.0
E02,2025-11-09,4.8
E02,2025-11-10,2.8
E02,2025-11-11,14.9
E02,2025-11-12,5.2
E02,2025-11-13,0.0
E02,2025-11-14,14.9
E02,2025-11-15,6.9
E02,2025-11-16,0.0
E02,2025-11-17,2.4
E02,2025-11-18,0.0
E02,2025-11-19,0.0
E02,2025-11-20,0.0
E02,2025-11-21,0.0
E02,2025-11-22,57.3
E02,2025-11-23,0.0
E02,2025-11-24,0.0
E02,2025-11-25,0.0
E02,2025-11-26,4.8
E02,2025-11-27,0.0
E02,2025-11-28,0.0
E02,2025-11-29,0.0
E02,2025-11-30,25.5
E02,2025-12-01,3.2
E02,2025-12-02,0.0
E02,2025-12-03,0.0
E02,2025-12-04,35.8
E02,2025-12-05,7.8
E02,2025-12-06,4.2
E02,2025-12-07,0.5
E02,2025-12-08,12.5
E02,2025-12-09,0.0
E02,2025-12-10,0.0
E02,2025-12-11,2.9
E02,2025-12-12,0.9
E02,2025-12-13,1.9
E02,2025-12-14,0.0
E02,2025-12-15,9.9
E02,2025-12-16,0.0
E02,2025-12-17,0.0
E02,2025-12-18,6.0
E02,2025-12-19,0.0
E02,2025-12-20,0.0
E02,2025-12-21,0.0
E02,2025-12-22,0.3
E02,2025-12-23,5.5
E02,2025-12-24,13.0
E02,2025-12-25,0.0
E02,2025-12-26,11.4
E02,2025-12-27,0.0
E02,2025-12-28,0.0
E02,2025-12-29,4.1
E02,2025-12-30,0.0
E02,2025-12-31,0.0
E03,2024-01-01,14.5
E03,2024-01-02,43.1
E03,2024-01-03,11.7
E03,2024-01-04,0.0
E03,2024-01-05,59.1
E03,2024-01-06,0.0
E03,2024-01-07,3.1
E03,2024-01-08,0.0
E03,2024-01-09,0.0
E03,2024-01-10,7.9
E03,2024-01-11,0.0
E03,2024-01-12,24.3
E03,2024-01-13,0.0
E03,2024-01-14,0.0
E03,2024-01-15,25.5
E03,2024-01-16,0.0
E03,2024-01-17,0.0
E03,2024-01-18,11.4
E03,2024-01-19,0.0
E03,2024-01-20,0.0
E03,2024-01-21,0.0
E03,2024-01-22,0.0
E03,2024-01-23,2.9
E03,2024-01-24,0.0
E03,2024-01-25,0.0
E03,2024-01-26,0.0
E03,2024-01-27,0.0
E03,2024-01-28,0.0
E03,2024-01-29,0.0
E03,2024-01-30,23.2
E03,2024-01-31,20.0
E03,2024-02-01,0.0
E03,2024-02-02,0.0
E03,2024-02-03,0.0
E03,2024-02-04,0.8
E03,2024-02-05,0.0
E03,2024-02-06,0.0
E03,2024-02-07,0.0
E03,2024-02-08,0.0
E03,2024-02-09,0.0
E03,2024-02-10,16.3
E03,2024-02-11,13.9
E03,2024-02-12,0.0
E03,2024-02-13,0.0
E03,2024-02-14,21.7
E03,2024-02-15,65.1
E03,2024-02-16,0.0
E03,2024-02-17,4.3
E03,2024-02-18,0.0
E03,2024-02-19,0.0
E03,2024-02-20,43.3
E03,2024-02-21,0.0
E03,2024-02-22,0.0
E03,2024-02-23,0.0
E03,2024-02-24,0.0
E03,2024-02-25,12.9
E03,2024-02-26,0.0
E03,2024-02-27,0.0
E03,2024-02-28,0.0
E03,2024-02-29,0.0
E03,2024-03-01,0.0
E03,2024-03-02,16.2
E03,2024-03-03,0.0
E03,2024-03-04,0.0
E03,2024-03-05,0.0
E03,2024-03-06,18.5
E03,2024-03-07,32.9
E03,2024-03-08,1.6
E03,2024-03-09,0.0
E03,2024-03-10,18.1
E03,2024-03-11,18.3
E03,2024-03-12,53.5
E03,2024-03-13,0.0
E03,2024-03-14,0.0
E03,2024-03-15,7.0
E03,2024-03-16,0.0
E03,2024-03-17,0.0
E03,2024-03-18,11.1
E03,2024-03-19,17.0
E03,2024-03-20,0.0
E03,2024-03-21,5.5
E03,2024-03-22,0.0
E03,2024-03-23,0.0
E03,2024-03-24,0.0
E03,2024-03-25,0.0
E03,2024-03-26,0.0
E03,2024-03-27,0.0
E03,2024-03-28,14.7
E03,2024-03-29,0.0
E03,2024-03-30,0.0
E03,2024-03-31,2.7
E03,2024-04-01,6.1
E03,2024-04-02,0.0
E03,2024-04-03,0.0
E03,2024-04-04,0.0
E03,2024-04-05,16.7
E03,2024-04-06,0.0
E03,2024-04-07,0.0
E03,2024-04-08,0.0
E03,2024-04-09,0.0
E03,2024-04-10,0.0
E03,2024-04-11,0.0
E03,2024-04-12,0.0
E03,2024-04-13,30.0
E03,2024-04-14,0.0
E03,2024-04-15,0.0
E03,2024-04-16,21.2
E03,2024-04-17,0.0
E03,2024-04-18,0.0
E03,2024-04-19,11.3
E03,2024-04-20,0.0
E03,2024-04-21,0.0
E03,2024-04-22,0.0
E03,2024-04-23,0.7
E03,2024-04-24,16.8
E03,2024-04-25,0.0
E03,2024-04-26,0.0
E03,2024-04-27,0.0
E03,2024-04-28,0.0
E03,2024-04-29,0.0
E03,2024-04-30,0.0
E03,2024-05-01,0.0
E03,2024-05-02,0.0
E03,2024-05-03,0.0
E03,2024-05-04,0.0
E03,2024-05-05,0.0
E03,2024-05-06,8.8
E03,2024-05-07,0.0
E03,2024-05-08,0.0
E03,2024-05-09,0.0
E03,2024-05-10,0.0
E03,2024-05-11,0.0
E03,2024-05-12,0.0
E03,2024-05-13,9.5
E03,2024-05-14,0.0
E03,2024-05-15,0.0
E03,2024-05-16,7.8
E03,2024-05-17,0.0
E03,2024-05-18,4.0
E03,2024-05-19,0.0
E03,2024-05-20,0.0
E03,2024-05-21,0.0
E03,2024-05-22,0.0
E03,2024-05-23,1.2
E03,2024-05-24,0.0
E03,2024-05-25,0.0
E03,2024-05-26,0.0
E03,2024-05-27,1.1
E03,2024-05-28,0.7
E03,2024-05-29,0.0
E03,2024-05-30,0.0
E03,2024-05-31,1.1
E03,2024-06-01,0.0
E03,2024-06-02,0.0
E03,2024-06-03,0.4
E03,2024-06-04,0.0
E03,2024-06-05,0.0
E03,2024-06-06,0.0
E03,2024-06-07,0.0
E03,2024-06-08,0.0
E03,2024-06-09,0.0
E03,2024-06-10,0.6
E03,2024-06-11,14.6
E03,2024-06-12,0.0
E03,2024-06-13,0.0
E03,2024-06-14,5.9
E03,2024-06-15,0.0
E03,2024-06-16,0.0
E03,2024-06-17,0.0
E03,2024-06-18,0.0
E03,2024-06-19,0.0
E03,2024-06-20,0.0
E03,2024-06-21,4.1
E03,2024-06-22,0.0
E03,2024-06-23,0.0
E03,2024-06-24,0.0
E03,2024-06-25,0.0
E03,2024-06-26,0.0
E03,2024-06-27,1.5
E03,2024-06-28,0.0
E03,2024-06-29,0.0
E03,2024-06-30,0.0
E03,2024-07-01,0.0
E03,2024-07-02,0.0
E03,2024-07-03,0.0
E03,2024-07-04,0.0
E03,2024-07-05,0.0
E03,2024-07-06,0.0
E03,2024-07-07,0.0
E03,2024-07-08,0.0
E03,2024-07-09,3.6
E03,2024-07-10,9.9
E03,2024-07-11,0.0
E03,2024-07-12,0.0
E03,2024-07-13,0.0
E03,2024-07-14,19.4
E03,2024-07-15,0.0
E03,2024-07-16,0.0
E03,2024-07-17,0.0
E03,2024-07-18,0.4
E03,2024-07-19,0.0
E03,2024-07-20,0.0
E03,2024-07-21,0.0
E03,2024-07-22,0.0
E03,2024-07-23,0.0
E03,2024-07-24,0.0
E03,2024-07-25,0.0
E03,2024-07-26,0.0
E03,2024-07-27,0.0
E03,2024-07-28,0.0
E03,2024-07-29,5.4
E03,2024-07-30,6.3
E03,2024-07-31,7.9
E03,2024-08-01,0.0
E03,2024-08-02,0.0
E03,2024-08-03,2.6
E03,2024-08-04,2.4
E03,2024-08-05,0.0
E03,2024-08-06,0.0
E03,2024-08-07,0.0
E03,2024-08-08,9.3
E03,2024-08-09,7.6
E03,2024-08-10,15.2
E03,2024-08-11,5.5
E03,2024-08-12,0.0
E03,2024-08-13,0.0
E03,2024-08-14,0.0
E03,2024-08-15,0.0
E03,2024-08-16,0.0
E03,2024-08-17,8.2
E03,2024-08-18,0.0
E03,2024-08-19,9.5
E03,2024-08-20,0.0
E03,2024-08-21,2.1
E03,2024-08-22,0.0
E03,2024-08-23,4.7
E03,2024-08-24,0.0
E03,2024-08-25,0.0
E03,2024-08-26,0.0
E03,2024-08-27,0.0
E03,2024-08-28,0.0
E03,2024-08-29,0.0
E03,2024-08-30,0.0
E03,2024-08-31,7.9
E03,2024-09-01,0.0
E03,2024-09-02,0.0
E03,2024-09-03,0.0
E03,2024-09-04,0.0
E03,2024-09-05,0.0
E03,2024-09-06,0.0
E03,2024-09-07,0.0
E03,2024-09-08,0.0
E03,2024-09-09,0.0
E03,2024-09-10,0.0
E03,2024-09-11,0.0
E03,2024-09-12,0.0
E03,2024-09-13,4.2
E03,2024-09-14,0.0
E03,2024-09-15,0.0
E03,2024-09-16,0.0
E03,2024-09-17,0.0
E03,2024-09-18,0.0
E03,2024-09-19,13.4
E03,2024-09-20,12.3
E03,2024-09-21,0.0
E03,2024-09-22,0.0
E03,2024-09-23,1.5
E03,2024-09-24,0.0
E03,2024-09-25,0.0
E03,2024-09-26,0.0
E03,2024-09-27,0.0
E03,2024-09-28,0.0
E03,2024-09-29,3.5
E03,2024-09-30,2.4
E03,2024-10-01,6.7
E03,2024-10-02,0.0
E03,2024-10-03,0.0
E03,2024-10-04,0.0
E03,2024-10-05,4.8
E03,2024-10-06,0.0
E03,2024-10-07,14.5
E03,2024-10-08,0.0
E03,2024-10-09,0.0
E03,2024-10-10,41.0
E03,2024-10-11,0.0
E03,2024-10-12,0.0
E03,2024-10-13,0.0
E03,2024-10-14,12.4
E03,2024-10-15,0.0
E03,2024-10-16,0.0
E03,2024-10-17,44.3
E03,2024-10-18,0.0
E03,2024-10-19,0.0
E03,2024-10-20,0.0
E03,2024-10-21,0.0
E03,2024-10-22,0.0
E03,2024-10-23,0.0
E03,2024-10-24,0.0
E03,2024-10-25,26.2
E03,2024-10-26,3.4
E03,2024-10-27,0.0
E03,2024-10-28,7.8
E03,2024-10-29,0.0
E03,2024-10-30,0.0
E03,2024-10-31,1.5
E03,2024-11-01,0.0
E03,2024-11-02,0.0
E03,2024-11-03,24.0
E03,2024-11-04,0.0
E03,2024-11-05,0.0
E03,2024-11-06,4.2
E03,2024-11-07,24.5
E03,2024-11-08,0.0
E03,2024-11-09,0.0
E03,2024-11-10,0.4
E03,2024-11-11,9.8
E03,2024-11-12,14.1
E03,2024-11-13,0.0
E03,2024-11-14,5.8
E03,2024-11-15,0.1
E03,2024-11-16,0.0
E03,2024-11-17,0.0
E03,2024-11-18,21.9
E03,2024-11-19,27.4
E03,2024-11-20,
E03,2024-11-21,
E03,2024-11-22,
E03,2024-11-23,37.3
E03,2024-11-24,0.0
E03,2024-11-25,60.5
E03,2024-11-26,0.0
E03,2024-11-27,0.0
E03,2024-11-28,0.0
E03,2024-11-29,0.0
E03,2024-11-30,46.1
E03,2024-12-01,12.5
E03,2024-12-02,0.0
E03,2024-12-03,0.0
E03,2024-12-04,10.1
E03,2024-12-05,0.0
E03,2024-12-06,13.7
E03,2024-12-07,4.2
E03,2024-12-08,5.1
E03,2024-12-09,0.0
E03,2024-12-10,11.3
E03,2024-12-11,18.2
E03,2024-12-12,27.6
E03,2024-12-13,0.0
E03,2024-12-14,0.0
E03,2024-12-15,5.8
E03,2024-12-16,0.0
E03,2024-12-17,19.3
E03,2024-12-18,3.5
E03,2024-12-19,13.2
E03,2024-12-20,0.0
E03,2024-12-21,29.5
E03,2024-12-22,0.0
E03,2024-12-23,0.0
E03,2024-12-24,105.1
E03,2024-12-25,5.7
E03,2024-12-26,0.0
E03,2024-12-27,51.3
E03,2024-12-28,0.0
E03,2024-12-29,8.9
E03,2024-12-30,0.0
E03,2024-12-31,0.0
E03,2025-01-01,150.6
E03,2025-01-02,0.0
E03,2025-01-03,0.0
E03,2025-01-04,0.0
E03,2025-01-05,15.3
E03,2025-01-06,0.0
E03,2025-01-07,0.0
E03,2025-01-08,0.0
E03,2025-01-09,8.4
E03,2025-01-10,"10,2"
E03,2025-01-11,0.0
E03,2025-01-12,117.4
E03,2025-01-13,1.7
E03,2025-01-14,0.0
E03,2025-01-15,24.0
E03,2025-01-16,51.2
E03,2025-01-17,0.0
E03,2025-01-18,0.0
E03,2025-01-19,0.0
E03,2025-01-20,0.0
E03,2025-01-21,15.6
E03,2025-01-22,6.4
E03,2025-01-23,47.0
E03,2025-01-24,37.1
E03,2025-01-25,19.4
E03,2025-01-26,0.0
E03,2025-01-27,0.0
E03,2025-01-28,0.0
E03,2025-01-29,0.0
E03,2025-01-30,8.2
E03,2025-01-31,21.7
E03,2025-02-01,0.0
E03,2025-02-02,0.0
E03,2025-02-03,0.0
E03,2025-02-04,45.2
E03,2025-02-05,35.7
E03,2025-02-06,0.0
E03,2025-02-07,0.0
E03,2025-02-08,0.0
E03,2025-02-09,16.5
E03,2025-02-10,0.0
E03,2025-02-11,15.3
E03,2025-02-12,0.0
E03,2025-02-13,16.6
E03,2025-02-14,7.0
E03,2025-02-15,5.8
E03,2025-02-16,0.0
E03,2025-02-17,0.0
E03,2025-02-18,0.0
E03,2025-02-19,9.8
E03,2025-02-20,11.0
E03,2025-02-21,0.0
E03,2025-02-22,0.0
E03,2025-02-23,3.4
E03,2025-02-24,8.1
E03,2025-02-25,0.0
E03,2025-02-26,0.0
E03,2025-02-27,0.0
E03,2025-02-28,13.8
E03,2025-03-01,0.0
E03,2025-03-02,0.0
E03,2025-03-03,0.0
E03,2025-03-04,0.0
E03,2025-03-05,4.8
E03,2025-03-06,18.2
E03,2025-03-07,0.0
E03,2025-03-08,23.7
E03,2025-03-09,26.8
E03,2025-03-10,26.1
E03,2025-03-11,0.0
E03,2025-03-12,0.0
E03,2025-03-13,0.0
E03,2025-03-14,0.0
E03,2025-03-15,3.9
E03,2025-03-16,45.5
E03,2025-03-17,0.0
E03,2025-03-18,0.0
E03,2025-03-19,0.0
E03,2025-03-20,20.4
E03,2025-03-21,0.0
E03,2025-03-22,0.0
E03,2025-03-23,0.0
E03,2025-03-24,0.0
E03,2025-03-25,0.0
E03,2025-03-26,0.0
E03,2025-03-27,0.0
E03,2025-03-28,0.0
E03,2025-03-29,17.9
E03,2025-03-30,0.0
E03,2025-03-31,44.2
E03,2025-04-01,28.7
E03,2025-04-02,0.0
E03,2025-04-03,0.0
E03,2025-04-04,0.0
E03,2025-04-05,24.7
E03,2025-04-06,0.0
E03,2025-04-07,0.0
E03,2025-04-08,0.0
E03,2025-04-09,0.0
E03,2025-04-10,0.0
E03,2025-04-11,0.0
E03,2025-04-12,0.0
E03,2025-04-13,0.0
E03,2025-04-14,0.0
E03,2025-04-15,0.0
E03,2025-04-16,12.0
E03,2025-04-17,0.0
E03,2025-04-18,23.8
E03,2025-04-19,0.0
E03,2025-04-20,0.0
E03,2025-04-21,0.0
E03,2025-04-22,0.0
E03,2025-04-23,0.0
E03,2025-04-24,0.0
E03,2025-04-25,0.0
E03,2025-04-26,0.0
E03,2025-04-27,0.0
E03,2025-04-28,3.9
E03,2025-04-29,0.0
E03,2025-04-30,0.0
E03,2025-05-01,0.0
E03,2025-05-02,0.0
E03,2025-05-03,0.0
E03,2025-05-04,0.0
E03,2025-05-05,-3.2
E03,2025-05-06,0.0
E03,2025-05-07,0.0
E03,2025-05-08,0.0
E03,2025-05-09,0.0
E03,2025-05-10,0.0
E03,2025-05-11,3.2
E03,2025-05-12,9.3
E03,2025-05-13,0.0
E03,2025-05-14,0.0
E03,2025-05-15,1.7
E03,2025-05-16,0.0
E03,2025-05-17,0.0
E03,2025-05-18,0.0
E03,2025-05-19,0.0
E03,2025-05-20,0.0
E03,2025-05-21,18.2
E03,2025-05-22,0.0
E03,2025-05-23,0.0
E03,2025-05-24,0.0
E03,2025-05-25,0.0
E03,2025-05-26,0.0
E03,2025-05-27,0.0
E03,2025-05-28,0.0
E03,2025-05-29,0.0
E03,2025-05-30,0.0
E03,2025-05-31,0.0
E03,2025-06-01,0.0
E03,2025-06-02,16.1
E03,2025-06-03,0.0
E03,2025-06-04,0.0
E03,2025-06-05,3.7
E03,2025-06-06,12.9
E03,2025-06-07,0.0
E03,2025-06-08,0.0
E03,2025-06-09,0.0
E03,2025-06-10,7.3
E03,2025-06-11,0.0
E03,2025-06-12,10.7
E03,2025-06-13,0.0
E03,2025-06-14,0.0
E03,2025-06-15,12.4
E03,2025-06-16,0.0
E03,2025-06-17,0.0
E03,2025-06-18,0.0
E03,2025-06-19,0.0
E03,2025-06-20,0.0
E03,2025-06-21,0.0
E03,2025-06-22,8.7
E03,2025-06-23,0.0
E03,2025-06-24,0.0
E03,2025-06-25,0.0
E03,2025-06-26,0.0
E03,2025-06-27,0.0
E03,2025-06-28,0.0
E03,2025-06-29,0.0
E03,2025-06-30,0.0
E03,2025-07-01,2.9
E03,2025-07-02,0.1
E03,2025-07-03,0.0
E03,2025-07-04,0.0
E03,2025-07-05,0.0
E03,2025-07-06,0.0
E03,2025-07-07,0.0
E03,2025-07-08,0.0
E03,2025-07-09,0.0
E03,2025-07-10,0.0
E03,2025-07-11,0.0
E03,2025-07-12,0.0
E03,2025-07-13,6.7
E03,2025-07-14,0.0
E03,2025-07-15,0.0
E03,2025-07-16,0.0
E03,2025-07-17,0.0
E03,2025-07-18,17.2
E03,2025-07-19,0.0
E03,2025-07-20,0.0
E03,2025-07-21,0.0
E03,2025-07-22,0.0
E03,2025-07-23,0.0
E03,2025-07-24,0.0
E03,2025-07-25,11.6
E03,2025-07-26,0.0
E03,2025-07-27,0.0
E03,2025-07-28,0.0
E03,2025-07-29,0.0
E03,2025-07-30,0.0
E03,2025-07-31,0.0
E03,2025-08-01,0.0
E03,2025-08-02,0.0
E03,2025-08-03,0.0
E03,2025-08-04,0.0
E03,2025-08-05,0.0
E03,2025-08-06,32.5
E03,2025-08-07,0.0
E03,2025-08-08,0.0
E03,2025-08-09,0.0
E03,2025-08-10,1.6
E03,2025-08-11,0.0
E03,2025-08-12,0.0
E03,2025-08-13,0.0
E03,2025-08-14,0.0
E03,2025-08-15,0.0
E03,2025-08-16,0.0
E03,2025-08-17,0.0
E03,2025-08-18,0.0
E03,2025-08-19,0.0
E03,2025-08-20,0.0
E03,2025-08-21,0.0
E03,2025-08-22,0.0
E03,2025-08-23,0.0
E03,2025-08-24,0.0
E03,2025-08-25,8.9
E03,2025-08-26,0.0
E03,2025-08-27,0.0
E03,2025-08-28,0.0
E03,2025-08-29,22.2
E03,2025-08-30,16.7
E03,2025-08-31,0.0
E03,2025-09-01,0.0
E03,2025-09-02,0.0
E03,2025-09-03,0.0
E03,2025-09-04,0.0
E03,2025-09-05,0.0
E03,2025-09-06,0.1
E03,2025-09-07,3.5
E03,2025-09-08,0.0
E03,2025-09-09,0.0
E03,2025-09-10,0.0
E03,2025-09-11,0.0
E03,2025-09-12,0.0
E03,2025-09-13,0.0
E03,2025-09-14,0.0
E03,2025-09-15,9.4
E03,2025-09-16,0.0
E03,2025-09-17,0.0
E03,2025-09-18,0.0
E03,2025-09-19,0.0
E03,2025-09-20,1.0
E03,2025-09-21,0.0
E03,2025-09-22,0.0
E03,2025-09-23,0.0
E03,2025-09-24,0.0
E03,2025-09-25,3.8
E03,2025-09-26,0.0
E03,2025-09-27,5.6
E03,2025-09-28,3.3
E03,2025-09-29,0.0
E03,2025-09-30,7.9
E03,2025-10-01,0.0
E03,2025-10-02,0.0
E03,2025-10-03,0.0
E03,2025-10-04,0.0
E03,2025-10-05,0.0
E03,2025-10-06,7.3
E03,2025-10-07,0.0
E03,2025-10-08,30.0
E03,2025-10-09,0.0
E03,2025-10-10,6.8
E03,2025-10-11,0.0
E03,2025-10-12,32.4
E03,2025-10-13,0.0
E03,2025-10-14,0.0
E03,2025-10-15,0.0
E03,2025-10-16,0.0
E03,2025-10-17,0.0
E03,2025-10-18,0.0
E03,2025-10-19,39.5
E03,2025-10-20,14.2
E03,2025-10-21,0.1
E03,2025-10-22,0.0
E03,2025-10-23,0.0
E03,2025-10-24,0.0
E03,2025-10-25,7.8
E03,2025-10-26,0.0
E03,2025-10-27,0.0
E03,2025-10-28,0.0
E03,2025-10-29,0.0
E03,2025-10-30,0.0
E03,2025-10-31,0.0
E03,2025-11-01,0.0
E03,2025-11-02,0.0
E03,2025-11-03,0.0
E03,2025-11-04,2.1
E03,2025-11-05,3.5
E03,2025-11-06,0.0
E03,2025-11-07,1.1
E03,2025-11-08,0.0
E03,2025-11-09,10.7
E03,2025-11-10,7.8
E03,2025-11-11,24.4
E03,2025-11-12,0.0
E03,2025-11-13,14.9
E03,2025-11-14,0.0
E03,2025-11-15,0.0
E03,2025-11-16,11.5
E03,2025-11-17,33.3
E03,2025-11-18,0.0
E03,2025-11-19,0.0
E03,2025-11-20,0.0
E03,2025-11-21,0.0
E03,2025-11-22,0.0
E03,2025-11-23,0.0
E03,2025-11-24,0.0
E03,2025-11-25,0.0
E03,2025-11-26,7.7
E03,2025-11-27,0.0
E03,2025-11-28,0.0
E03,2025-11-29,0.0
E03,2025-11-30,3.2
E03,2025-12-01,1.4
E03,2025-12-02,0.0
E03,2025-12-03,0.0
E03,2025-12-04,61.1
E03,2025-12-05,9.1
E03,2025-12-06,0.0
E03,2025-12-07,0.0
E03,2025-12-08,2.9
E03,2025-12-09,0.0
E03,2025-12-10,0.0
E03,2025-12-11,4.3
E03,2025-12-12,0.0
E03,2025-12-13,10.1
E03,2025-12-14,0.0
E03,2025-12-15,44.6
E03,2025-12-16,0.0
E03,2025-12-17,23.1
E03,2025-12-18,38.8
E03,2025-12-19,0.0
E03,2025-12-20,19.7
E03,2025-12-21,0.0
E03,2025-12-22,20.1
E03,2025-12-23,0.0
E03,2025-12-24,5.3
E03,2025-12-25,5.0
E03,2025-12-26,7.4
E03,2025-12-27,24.9
E03,2025-12-28,0.0
E03,2025-12-29,0.0
E03,2025-12-30,0.0
E03,2025-12-31,0.0
E04,2024-01-01,41.6
E04,2024-01-02,6.7
E04,2024-01-03,25.5
E04,2024-01-04,11.8
E04,2024-01-05,2.3
E04,2024-01-06,0.0
E04,2024-01-07,1.3
E04,2024-01-08,16.1
E04,2024-01-09,0.0
E04,2024-01-10,0.8
E04,2024-01-11,0.0
E04,2024-01-12,0.0
E04,2024-01-13,0.0
E04,2024-01-14,5.7
E04,2024-01-15,0.3
E04,2024-01-16,0.0
E04,2024-01-17,0.0
E04,2024-01-18,40.2
E04,2024-01-19,0.0
E04,2024-01-20,0.0
E04,2024-01-21,0.0
E04,2024-01-22,0.0
E04,2024-01-23,5.0
E04,2024-01-24,0.0
E04,2024-01-25,0.0
E04,2024-01-26,16.4
E04,2024-01-27,8.0
E04,2024-01-28,0.0
E04,2024-01-29,0.0
E04,2024-01-30,5.4
E04,2024-01-31,1.5
E04,2024-02-01,0.0
E04,2024-02-02,0.0
E04,2024-02-03,0.0
E04,2024-02-04,0.0
E04,2024-02-05,0.0
E04,2024-02-06,0.0
E04,2024-02-07,0.0
E04,2024-02-08,13.5
E04,2024-02-09,0.0
E04,2024-02-10,26.9
E04,2024-02-11,4.3
E04,2024-02-12,0.0
E04,2024-02-13,0.0
E04,2024-02-14,0.0
E04,2024-02-15,6.9
E04,2024-02-16,0.0
E04,2024-02-17,5.0
E04,2024-02-18,0.0
E04,2024-02-19,0.0
E04,2024-02-20,3.6
E04,2024-02-21,8.3
E04,2024-02-22,0.0
E04,2024-02-23,0.0
E04,2024-02-24,0.0
E04,2024-02-25,24.7
E04,2024-02-26,0.0
E04,2024-02-27,0.0
E04,2024-02-28,0.0
E04,2024-02-29,0.0
E04,2024-03-01,0.0
E04,2024-03-02,58.9
E04,2024-03-03,0.0
E04,2024-03-04,16.6
E04,2024-03-05,0.0
E04,2024-03-06,10.9
E04,2024-03-07,22.9
E04,2024-03-08,1.2
E04,2024-03-09,14.1
E04,2024-03-10,36.2
E04,2024-03-11,0.0
E04,2024-03-12,0.0
E04,2024-03-13,5.9
E04,2024-03-14,0.0
E04,2024-03-15,0.4
E04,2024-03-16,0.0
E04,2024-03-17,0.0
E04,2024-03-18,10.5
E04,2024-03-19,1.1
E04,2024-03-20,0.0
E04,2024-03-21,13.0
E04,2024-03-22,0.0
E04,2024-03-23,0.0
E04,2024-03-24,0.0
E04,2024-03-25,0.0
E04,2024-03-26,0.0
E04,2024-03-27,0.0
E04,2024-03-28,7.5
E04,2024-03-29,0.0
E04,2024-03-30,0.0
E04,2024-03-31,37.3
E04,2024-04-01,0.0
E04,2024-04-02,0.0
E04,2024-04-03,0.0
E04,2024-04-04,0.0
E04,2024-04-05,6.3
E04,2024-04-06,0.0
E04,2024-04-07,0.0
E04,2024-04-08,0.0
E04,2024-04-09,0.0
E04,2024-04-10,0.0
E04,2024-04-11,0.0
E04,2024-04-12,0.0
E04,2024-04-13,6.5
E04,2024-04-14,0.0
E04,2024-04-15,0.0
E04,2024-04-16,0.0
E04,2024-04-17,0.0
E04,2024-04-18,0.0
E04,2024-04-19,0.0
E04,2024-04-20,0.0
E04,2024-04-21,0.0
E04,2024-04-22,0.0
E04,2024-04-23,2.9
E04,2024-04-24,11.4
E04,2024-04-25,0.0
E04,2024-04-26,0.0
E04,2024-04-27,0.0
E04,2024-04-28,0.0
E04,2024-04-29,0.0
E04,2024-04-30,0.0
E04,2024-05-01,0.0
E04,2024-05-02,0.0
E04,2024-05-03,0.0
E04,2024-05-04,0.0
E04,2024-05-05,0.0
E04,2024-05-06,2.0
E04,2024-05-07,0.0
E04,2024-05-08,0.0
E04,2024-05-09,0.0
E04,2024-05-10,0.0
E04,2024-05-11,0.0
E04,2024-05-12,0.0
E04,2024-05-13,9.2
E04,2024-05-14,0.0
E04,2024-05-15,0.0
E04,2024-05-16,0.0
E04,2024-05-17,0.0
E04,2024-05-18,0.0
E04,2024-05-19,0.0
E04,2024-05-20,0.0
E04,2024-05-21,0.0
E04,2024-05-22,0.0
E04,2024-05-23,0.0
E04,2024-05-24,0.0
E04,2024-05-25,0.0
E04,2024-05-26,0.0
E04,2024-05-27,8.6
E04,2024-05-28,0.0
E04,2024-05-29,11.9
E04,2024-05-30,0.0
E04,2024-05-31,0.0
E04,2024-06-01,0.0
E04,2024-06-02,3.0
E04,2024-06-03,2.9
E04,2024-06-04,10.7
E04,2024-06-05,0.0
E04,2024-06-06,0.0
E04,2024-06-07,0.0
E04,2024-06-08,0.0
E04,2024-06-09,0.0
E04,2024-06-10,5.6
E04,2024-06-11,1.3
E04,2024-06-12,0.0
E04,2024-06-13,0.0
E04,2024-06-14,0.2
E04,2024-06-15,0.7
E04,2024-06-16,0.0
E04,2024-06-17,0.0
E04,2024-06-18,0.0
E04,2024-06-19,1.5
E04,2024-06-20,0.0
E04,2024-06-21,0.0
E04,2024-06-22,0.0
E04,2024-06-23,0.0
E04,2024-06-24,0.0
E04,2024-06-25,8.2
E04,2024-06-26,0.0
E04,2024-06-27,5.9
E04,2024-06-28,0.0
E04,2024-06-29,0.0
E04,2024-06-30,0.0
E04,2024-07-01,0.0
E04,2024-07-02,0.0
E04,2024-07-03,0.0
E04,2024-07-04,0.0
E04,2024-07-05,0.0
E04,2024-07-06,0.0
E04,2024-07-07,0.0
E04,2024-07-08,0.0
E04,2024-07-09,0.9
E04,2024-07-10,0.4
E04,2024-07-11,0.0
E04,2024-07-12,0.0
E04,2024-07-13,0.0
E04,2024-07-14,0.0
E04,2024-07-15,0.0
E04,2024-07-16,0.0
E04,2024-07-17,0.0
E04,2024-07-18,2.4
E04,2024-07-19,0.0
E04,2024-07-20,0.0
E04,2024-07-21,0.0
E04,2024-07-22,0.0
E04,2024-07-23,0.0
E04,2024-07-24,6.1
E04,2024-07-25,0.0
E04,2024-07-26,0.0
E04,2024-07-27,0.0
E04,2024-07-28,0.0
E04,2024-07-29,0.1
E04,2024-07-30,0.4
E04,2024-07-31,1.1
E04,2024-08-01,0.0
E04,2024-08-02,0.0
E04,2024-08-03,0.0
E04,2024-08-04,4.2
E04,2024-08-05,0.0
E04,2024-08-06,0.0
E04,2024-08-07,0.0
E04,2024-08-08,1.1
E04,2024-08-09,0.9
E04,2024-08-10,14.6
E04,2024-08-11,5.0
E04,2024-08-12,2.1
E04,2024-08-13,0.0
E04,2024-08-14,0.0
E04,2024-08-18,0.0
E04,2024-08-19,0.0
E04,2024-08-20,0.0
E04,2024-08-21,0.0
E04,2024-08-22,0.0
E04,2024-08-23,0.0
E04,2024-08-24,0.0
E04,2024-08-25,0.0
E04,2024-08-26,0.0
E04,2024-08-27,0.0
E04,2024-08-28,0.0
E04,2024-08-29,0.0
E04,2024-08-30,0.0
E04,2024-08-31,6.9
E04,2024-09-01,0.0
E04,2024-09-02,0.0
E04,2024-09-03,11.5
E04,2024-09-04,0.0
E04,2024-09-05,0.0
E04,2024-09-06,0.0
E04,2024-09-07,0.0
E04,2024-09-08,0.0
E04,2024-09-09,0.0
E04,2024-09-10,0.0
E04,2024-09-11,0.0
E04,2024-09-12,0.0
E04,2024-09-13,7.5
E04,2024-09-14,0.0
E04,2024-09-15,0.0
E04,2024-09-16,6.8
E04,2024-09-17,3.7
E04,2024-09-18,0.0
E04,2024-09-19,7.9
E04,2024-09-20,0.0
E04,2024-09-21,0.0
E04,2024-09-22,0.0
E04,2024-09-23,0.0
E04,2024-09-24,0.0
E04,2024-09-25,0.0
E04,2024-09-26,0.0
E04,2024-09-27,0.0
E04,2024-09-28,0.0
E04,2024-09-29,22.4
E04,2024-09-30,0.0
E04,2024-10-01,3.1
E04,2024-10-02,0.0
E04,2024-10-03,0.0
E04,2024-10-04,0.0
E04,2024-10-05,7.6
E04,2024-10-06,0.0
E04,2024-10-07,21.4
E04,2024-10-08,0.0
E04,2024-10-09,0.0
E04,2024-10-10,0.0
E04,2024-10-11,0.0
E04,2024-10-12,2.8
E04,2024-10-13,2.3
E04,2024-10-14,1.6
E04,2024-10-15,0.0
E04,2024-10-16,12.7
E04,2024-10-17,4.3
E04,2024-10-18,0.0
E04,2024-10-19,0.0
E04,2024-10-20,0.0
E04,2024-10-21,0.0
E04,2024-10-22,0.0
E04,2024-10-23,0.0
E04,2024-10-24,0.0
E04,2024-10-25,0.0
E04,2024-10-26,2.3
E04,2024-10-27,0.0
E04,2024-10-28,17.0
E04,2024-10-29,0.0
E04,2024-10-30,0.0
E04,2024-10-31,26.2
E04,2024-11-01,0.0
E04,2024-11-02,2.5
E04,2024-11-03,4.6
E04,2024-11-04,3.4
E04,2024-11-05,6.6
E04,2024-11-06,0.9
E04,2024-11-07,6.2
E04,2024-11-08,3.8
E04,2024-11-09,0.0
E04,2024-11-10,0.6
E04,2024-11-11,7.6
E04,2024-11-12,14.0
E04,2024-11-13,1.2
E04,2024-11-14,2.9
E04,2024-11-15,0.0
E04,2024-11-16,0.0
E04,2024-11-17,0.0
E04,2024-11-18,11.9
E04,2024-11-19,9.0
E04,2024-11-20,13.6
E04,2024-11-21,3.2
E04,2024-11-22,0.0
E04,2024-11-23,0.0
E04,2024-11-24,30.9
E04,2024-11-25,11.7
E04,2024-11-26,0.0
E04,2024-11-27,0.0
E04,2024-11-28,0.0
E04,2024-11-29,6.7
E04,2024-11-30,8.4
E04,2024-12-01,0.0
E04,2024-12-02,21.3
E04,2024-12-03,3.5
E04,2024-12-04,0.2
E04,2024-12-05,0.0
E04,2024-12-06,6.9
E04,2024-12-07,14.0
E04,2024-12-08,2.5
E04,2024-12-09,11.2
E04,2024-12-10,25.5
E04,2024-12-11,3.9
E04,2024-12-12,6.8
E04,2024-12-13,0.0
E04,2024-12-14,0.0
E04,2024-12-15,17.2
E04,2024-12-16,49.8
E04,2024-12-17,0.0
E04,2024-12-18,5.2
E04,2024-12-19,0.3
E04,2024-12-20,8.1
E04,2024-12-21,3.9
E04,2024-12-22,0.0
E04,2024-12-23,0.0
E04,2024-12-24,12.5
E04,2024-12-25,23.0
E04,2024-12-26,0.0
E04,2024-12-27,14.8
E04,2024-12-28,46.9
E04,2024-12-29,10.0
E04,2024-12-30,0.0
E04,2024-12-31,1.5
E04,2025-01-01,10.6
E04,2025-01-02,3.9
E04,2025-01-03,0.0
E04,2025-01-04,0.0
E04,2025-01-05,10.0
E04,2025-01-06,0.0
E04,2025-01-07,0.6
E04,2025-01-08,0.0
E04,2025-01-09,0.0
E04,2025-01-10,14.0
E04,2025-01-11,5.4
E04,2025-01-12,3.1
E04,2025-01-13,42.6
E04,2025-01-14,13.2
E04,2025-01-15,15.3
E04,2025-01-16,24.6
E04,2025-01-17,0.0
E04,2025-01-18,34.6
E04,2025-01-19,0.0
E04,2025-01-20,0.0
E04,2025-01-21,0.0
E04,2025-01-22,0.0
E04,2025-01-23,31.2
E04,2025-01-24,0.6
E04,2025-01-25,0.0
E04,2025-01-26,0.0
E04,2025-01-27,0.0
E04,2025-01-28,0.0
E04,2025-01-29,0.0
E04,2025-01-30,0.0
E04,2025-01-31,7.5
E04,2025-02-01,0.0
E04,2025-02-02,0.0
E04,2025-02-03,0.0
E04,2025-02-04,0.0
E04,2025-02-05,44.5
E04,2025-02-06,0.0
E04,2025-02-07,0.0
E04,2025-02-08,0.0
E04,2025-02-09,0.0
E04,2025-02-10,0.0
E04,2025-02-11,6.8
E04,2025-02-12,0.0
E04,2025-02-13,3.5
E04,2025-02-14,4.3
E04,2025-02-15,41.8
E04,2025-02-16,0.0
E04,2025-02-17,0.0
E04,2025-02-18,0.0
E04,2025-02-19,7.7
E04,2025-02-20,3.7
E04,2025-02-21,22.3
E04,2025-02-22,0.0
E04,2025-02-23,1.1
E04,2025-02-24,0.0
E04,2025-02-25,0.0
E04,2025-02-26,0.0
E04,2025-02-27,0.0
E04,2025-02-28,0.0
E04,2025-03-01,0.0
E04,2025-03-02,12.4
E04,2025-03-03,0.0
E04,2025-03-03,0.0
E04,2025-03-04,0.0
E04,2025-03-05,8.5
E04,2025-03-06,4.5
E04,2025-03-07,0.0
E04,2025-03-08,4.8
E04,2025-03-09,18.5
E04,2025-03-10,41.0
E04,2025-03-11,0.0
E04,2025-03-12,1.9
E04,2025-03-13,7.2
E04,2025-03-14,4.2
E04,2025-03-15,0.0
E04,2025-03-16,3.0
E04,2025-03-17,0.0
E04,2025-03-18,19.1
E04,2025-03-19,19.9
E04,2025-03-20,9.7
E04,2025-03-21,15.7
E04,2025-03-22,0.0
E04,2025-03-23,0.0
E04,2025-03-24,0.0
E04,2025-03-25,0.0
E04,2025-03-26,0.0
E04,2025-03-27,0.0
E04,2025-03-28,0.0
E04,2025-03-29,6.2
E04,2025-03-30,0.0
E04,2025-03-31,13.8
E04,2025-04-01,2.6
E04,2025-04-02,0.0
E04,2025-04-03,0.0
E04,2025-04-04,0.0
E04,2025-04-05,0.0
E04,2025-04-06,0.0
E04,2025-04-07,0.0
E04,2025-04-08,0.0
E04,2025-04-09,0.0
E04,2025-04-10,0.0
E04,2025-04-11,0.0
E04,2025-04-12,4.2
E04,2025-04-13,0.0
E04,2025-04-14,0.0
E04,2025-04-15,0.0
E04,2025-04-16,0.0
E04,2025-04-17,0.0
E04,2025-04-18,3.7
E04,2025-04-19,0.0
E04,2025-04-20,0.0
E04,2025-04-21,0.0
E04,2025-04-22,0.0
E04,2025-04-23,0.0
E04,2025-04-24,0.0
E04,2025-04-25,0.0
E04,2025-04-26,0.0
E04,2025-04-27,0.0
E04,2025-04-28,2.2
E04,2025-04-29,0.0
E04,2025-04-30,0.0
E04,2025-05-01,0.0
E04,2025-05-02,0.0
E04,2025-05-03,0.0
E04,2025-05-04,0.0
E04,2025-05-05,0.0
E04,2025-05-06,0.3
E04,2025-05-07,0.0
E04,2025-05-08,2.5
E04,2025-05-09,7.8
E04,2025-05-10,0.0
E04,2025-05-11,2.2
E04,2025-05-12,0.0
E04,2025-05-13,0.0
E04,2025-05-14,0.0
E04,2025-05-15,0.0
E04,2025-05-16,14.7
E04,2025-05-17,0.0
E04,2025-05-18,0.0
E04,2025-05-19,0.0
E04,2025-05-20,0.0
E04,2025-05-21,0.0
E04,2025-05-22,0.0
E04,2025-05-23,9.1
E04,2025-05-24,0.0
E04,2025-05-25,0.0
E04,2025-05-26,0.0
E04,2025-05-27,0.0
E04,2025-05-28,0.0
E04,2025-05-29,0.0
E04,2025-05-30,2.7
E04,2025-05-31,0.0
E04,2025-06-01,0.0
E04,2025-06-02,0.0
E04,2025-06-03,0.0
E04,2025-06-04,0.0
E04,2025-06-05,0.0
E04,2025-06-06,0.6
E04,2025-06-07,0.0
E04,2025-06-08,0.0
E04,2025-06-09,0.0
E04,2025-06-10,0.0
E04,2025-06-11,0.0
E04,2025-06-12,1.4
E04,2025-06-13,0.0
E04,2025-06-14,0.0
E04,2025-06-15,16.6
E04,2025-06-16,0.0
E04,2025-06-17,0.0
E04,2025-06-18,0.0
E04,2025-06-19,0.0
E04,2025-06-20,0.0
E04,2025-06-21,0.0
E04,2025-06-22,2.4
E04,2025-06-23,0.0
E04,2025-06-24,0.0
E04,2025-06-25,0.0
E04,2025-06-26,0.0
E04,2025-06-27,0.0
E04,2025-06-28,0.0
E04,2025-06-29,0.0
E04,2025-06-30,0.0
E04,2025-07-01,2.8
E04,2025-07-02,10.9
E04,2025-07-03,0.0
E04,2025-07-04,0.0
E04,2025-07-05,0.0
E04,2025-07-06,0.0
E04,2025-07-07,0.0
E04,2025-07-08,0.0
E04,2025-07-09,0.0
E04,2025-07-10,0.0
E04,2025-07-11,0.0
E04,2025-07-12,0.0
E04,2025-07-13,0.8
E04,2025-07-14,0.0
E04,2025-07-15,4.2
E04,2025-07-16,0.0
E04,2025-07-17,0.0
E04,2025-07-18,4.5
E04,2025-07-19,12.9
E04,2025-07-20,0.0
E04,2025-07-21,0.0
E04,2025-07-22,0.2
E04,2025-07-23,0.0
E04,2025-07-24,0.0
E04,2025-07-25,5.7
E04,2025-07-26,0.0
E04,2025-07-27,0.0
E04,2025-07-28,0.0
E04,2025-07-29,0.0
E04,2025-07-30,0.0
E04,2025-07-31,0.0
E04,2025-08-01,0.0
E04,2025-08-02,0.0
E04,2025-08-03,0.0
E04,2025-08-04,0.0
E04,2025-08-05,0.0
E04,2025-08-06,4.6
E04,2025-08-07,0.0
E04,2025-08-08,0.0
E04,2025-08-09,1.2
E04,2025-08-10,5.5
E04,2025-08-11,0.0
E04,2025-08-12,0.0
E04,2025-08-13,0.0
E04,2025-08-14,0.0
E04,2025-08-15,0.0
E04,2025-08-16,0.0
E04,2025-08-17,0.0
E04,2025-08-18,0.0
E04,2025-08-19,0.0
E04,2025-08-20,0.0
E04,2025-08-21,0.0
E04,2025-08-22,0.0
E04,2025-08-23,0.0
E04,2025-08-24,0.0
E04,2025-08-25,0.9
E04,2025-08-26,0.0
E04,2025-08-27,0.0
E04,2025-08-28,0.0
E04,2025-08-29,0.0
E04,2025-08-30,0.9
E04,2025-08-31,0.0
E04,2025-09-01,4.8
E04,2025-09-02,0.0
E04,2025-09-03,0.0
E04,2025-09-04,0.0
E04,2025-09-05,0.0
E04,2025-09-06,1.4
E04,2025-09-07,0.0
E04,2025-09-08,0.0
E04,2025-09-09,0.0
E04,2025-09-10,11.5
E04,2025-09-11,0.0
E04,2025-09-12,0.0
E04,2025-09-13,0.0
E04,2025-09-14,0.0
E04,2025-09-15,0.7
E04,2025-09-16,1.6
E04,2025-09-17,0.0
E04,2025-09-18,0.0
E04,2025-09-19,14.1
E04,2025-09-20,2.2
E04,2025-09-21,0.0
E04,2025-09-22,0.0
E04,2025-09-23,0.0
E04,2025-09-24,0.0
E04,2025-09-25,5.5
E04,2025-09-26,22.4
E04,2025-09-27,0.0
E04,2025-09-28,0.0
E04,2025-09-29,0.0
E04,2025-09-30,25.6
E04,2025-10-01,0.0
E04,2025-10-02,0.0
E04,2025-10-03,0.0
E04,2025-10-04,14.3
E04,2025-10-05,0.0
E04,2025-10-06,5.9
E04,2025-10-07,0.0
E04,2025-10-08,0.0
E04,2025-10-09,0.0
E04,2025-10-10,0.8
E04,2025-10-11,20.2
E04,2025-10-12,0.0
E04,2025-10-13,0.0
E04,2025-10-14,0.0
E04,2025-10-15,0.0
E04,2025-10-16,0.0
E04,2025-10-17,0.0
E04,2025-10-18,0.0
E04,2025-10-19,0.6
E04,2025-10-20,0.8
E04,2025-10-21,0.0
E04,2025-10-22,0.0
E04,2025-10-23,0.0
E04,2025-10-24,0.0
E04,2025-10-25,4.5
E04,2025-10-26,0.0
E04,2025-10-27,0.0
E04,2025-10-28,2.0
E04,2025-10-29,0.0
E04,2025-10-30,0.0
E04,2025-10-31,0.0
E04,2025-11-01,0.0
E04,2025-11-02,0.0
E04,2025-11-03,0.0
E04,2025-11-04,5.9
E04,2025-11-05,0.0
E04,2025-11-06,29.5
E04,2025-11-07,15.3
E04,2025-11-08,0.0
E04,2025-11-09,2.6
E04,2025-11-10,0.5
E04,2025-11-11,5.5
E04,2025-11-12,0.0
E04,2025-11-13,12.7
E04,2025-11-14,0.0
E04,2025-11-15,0.0
E04,2025-11-16,30.8
E04,2025-11-17,1.6
E04,2025-11-18,0.0
E04,2025-11-19,27.5
E04,2025-11-20,45.4
E04,2025-11-21,0.0
E04,2025-11-22,2.2
E04,2025-11-23,0.0
E04,2025-11-24,0.0
E04,2025-11-25,0.0
E04,2025-11-26,0.0
E04,2025-11-27,0.0
E04,2025-11-28,0.0
E04,2025-11-29,0.0
E04,2025-11-30,10.1
E04,2025-12-01,29.2
E04,2025-12-02,0.0
E04,2025-12-03,0.0
E04,2025-12-04,0.2
E04,2025-12-05,18.5
E04,2025-12-06,0.0
E04,2025-12-07,0.0
E04,2025-12-08,14.7
E04,2025-12-09,0.0
E04,2025-12-10,0.0
E04,2025-12-11,13.4
E04,2025-12-12,13.4
E04,2025-12-13,7.7
E04,2025-12-14,4.7
E04,2025-12-15,2.1
E04,2025-12-16,0.0
E04,2025-12-17,4.3
E04,2025-12-18,0.0
E04,2025-12-19,25.4
E04,2025-12-20,0.0
E04,2025-12-21,0.0
E04,2025-12-22,4.6
E04,2025-12-23,24.2
E04,2025-12-24,9.1
E04,2025-12-25,0.0
E04,2025-12-26,0.0
E04,2025-12-27,12.9
E04,2025-12-28,0.0
E04,2025-12-29,0.0
E04,2025-12-30,0.0
E04,2025-12-31,40.8
