id,direcao,mergulho
A01,5,42
A02,280,22
A03,27,48
A04,0,31
A05,240,49
A06,18,55
A07,0,35
A08,6,35
A09,249,47
A10,297,16
A11,263,25
A12,27,49
A13,1,28
A14,25,42
A15,303,23
A16,247,37
A17,331,15
A18,231,52
A19,15,43
A20,342,27
A21,355,38
A22,284,35
A23,22,54
A24,26,47
A25,24,33
A26,250,38
A27,314,17
A28,233,54
A29,242,39
A30,358,28
A31,358,35
A32,23,53
A33,260,29
A34,268,21
A35,303,13
A36,244,38
A37,247,39
A38,317,27
A39,257,32
A40,355,33
A41,284,20
A42,24,42
A43,8,28
A44,251,30
A45,6,47
A46,15,34
A47,289,25
A48,254,27
A49,357,33
A50,245,43
A51,244,41
A52,237,50
A53,13,34
A54,350,28
A55,6,30
A56,22,39
A57,292,16
A58,336,23
A59,249,48
A60,241,46
